supervisor_id,name,group,research_areas,methods,keywords,workload,min_load,available,programmes
SUP000,Niall Zhang,Accounting & Finance,accounting;banking,machine learning;case study,accounting banking machine learning case study UK firms panel data empirical,7,0,1,
SUP001,Qi Kerr,Accounting & Finance,accounting;banking,machine learning;systematic review,accounting banking machine learning systematic review UK firms panel data empirical,7,0,1,
SUP002,Sam Jones,Accounting & Finance,accounting;finance;hrm,case study;optimisation;text mining,accounting finance hrm case study optimisation text mining UK firms panel data empirical,2,0,1,
SUP003,Eve Taylor,Accounting & Finance,banking;accounting;finance,survey;regression,banking accounting finance survey regression UK firms panel data empirical,6,0,1,
SUP004,Maya Douglas,Accounting & Finance,accounting;finance;consumer behaviour,experiment;survey,accounting finance consumer behaviour experiment survey UK firms panel data empirical,6,0,1,
SUP005,Vera Lewis,Accounting & Finance,finance;banking;logistics,econometrics;case study;interview,finance banking logistics econometrics case study interview UK firms panel data empirical,7,0,1,
SUP006,Umar Ross,Accounting & Finance,finance;banking;strategy,econometrics;text mining;regression,finance banking strategy econometrics text mining regression UK firms panel data empirical,5,0,1,
SUP007,Liam Ross,Accounting & Finance,accounting;banking,machine learning;econometrics,accounting banking machine learning econometrics UK firms panel data empirical,6,0,1,
SUP008,Pavel Anderson,Accounting & Finance,finance;accounting,regression;survey;interview,finance accounting regression survey interview UK firms panel data empirical,4,0,1,BSc Business Management;BSc Accounting & Finance
SUP009,Will Hughes,Accounting & Finance,accounting;finance,experiment;machine learning,accounting finance experiment machine learning UK firms panel data empirical,8,0,1,
SUP010,Isla Evans,Accounting & Finance,finance;accounting,interview;systematic review;simulation,finance accounting interview systematic review simulation UK firms panel data empirical,4,0,1,MA Economics & Business;BSc Business Management
SUP011,Dara MacLeod,Accounting & Finance,finance;accounting;strategy,experiment;interview,finance accounting strategy experiment interview UK firms panel data empirical,6,0,1,MA Economics & Business;BSc Business Management
SUP012,Chen Irvine,Accounting & Finance,banking;finance,interview;simulation,banking finance interview simulation UK firms panel data empirical,2,0,1,
SUP013,Umar Lewis,Accounting & Finance,accounting;finance;strategy,systematic review;machine learning;experiment,accounting finance strategy systematic review machine learning experiment UK firms panel data empirical,7,0,1,
SUP014,Pavel Ogilvie,Accounting & Finance,finance;banking;strategy,case study;optimisation,finance banking strategy case study optimisation UK firms panel data empirical,3,0,1,
SUP015,Chen Taylor,Marketing,consumer behaviour;retail,econometrics;systematic review;interview,consumer behaviour retail econometrics systematic review interview UK firms panel data empirical,4,0,0,
SUP016,Hamid Young,Marketing,consumer behaviour;marketing analytics,network analysis;econometrics;case study,consumer behaviour marketing analytics network analysis econometrics case study UK firms panel data empirical,8,0,1,
SUP017,Chen Hughes,Marketing,consumer behaviour;retail;logistics,survey;simulation;systematic review,consumer behaviour retail logistics survey simulation systematic review UK firms panel data empirical,5,0,1,
SUP018,Will Lewis,Marketing,retail;marketing analytics;hrm,machine learning;optimisation;network analysis,retail marketing analytics hrm machine learning optimisation network analysis UK firms panel data empirical,3,0,1,MA Economics & Business;BSc Accounting & Finance
SUP019,Hamid Grant,Marketing,marketing analytics;retail;consumer behaviour,econometrics;optimisation;case study,marketing analytics retail consumer behaviour econometrics optimisation case study UK firms panel data empirical,6,0,1,
SUP020,Alice Douglas,Marketing,retail;consumer behaviour,machine learning;network analysis,retail consumer behaviour machine learning network analysis UK firms panel data empirical,5,0,1,
SUP021,Qi Nolan,Marketing,retail;marketing analytics;healthcare management,case study;network analysis,retail marketing analytics healthcare management case study network analysis UK firms panel data empirical,8,0,1,
SUP022,Xiu Campbell,Marketing,retail;marketing analytics;consumer behaviour,systematic review;network analysis,retail marketing analytics consumer behaviour systematic review network analysis UK firms panel data empirical,7,0,1,
SUP023,Kate Jones,Marketing,retail;marketing analytics;accounting,text mining;simulation,retail marketing analytics accounting text mining simulation UK firms panel data empirical,8,0,1,
SUP024,Xiu Douglas,Marketing,consumer behaviour;marketing analytics,econometrics;regression;machine learning,consumer behaviour marketing analytics econometrics regression machine learning UK firms panel data empirical,7,0,1,
SUP025,Zoe MacLeod,Marketing,marketing analytics;retail;consumer behaviour,experiment;network analysis,marketing analytics retail consumer behaviour experiment network analysis UK firms panel data empirical,5,0,1,
SUP026,Hamid Nolan,Marketing,marketing analytics;consumer behaviour,systematic review;case study,marketing analytics consumer behaviour systematic review case study UK firms panel data empirical,8,0,1,BSc Accounting & Finance;BSc Business Management
SUP027,Vera Douglas,Marketing,retail;consumer behaviour,case study;econometrics,retail consumer behaviour case study econometrics UK firms panel data empirical,5,0,1,
SUP028,Yara Nolan,Marketing,retail;marketing analytics;operations,case study;survey,retail marketing analytics operations case study survey UK firms panel data empirical,4,0,1,
SUP029,Kate Anderson,Marketing,marketing analytics;retail,systematic review;econometrics;text mining,marketing analytics retail systematic review econometrics text mining UK firms panel data empirical,8,0,1,
SUP030,Vera Grant,Management Science & Business Economics,logistics;digital economy;entrepreneurship,regression;case study;text mining,logistics digital economy entrepreneurship regression case study text mining UK firms panel data empirical,7,0,1,
SUP031,Jian Young,Management Science & Business Economics,operations;logistics,optimisation;case study;interview,operations logistics optimisation case study interview UK firms panel data empirical,4,0,1,
SUP032,Vera Vance,Management Science & Business Economics,digital economy;logistics;banking,machine learning;systematic review,digital economy logistics banking machine learning systematic review UK firms panel data empirical,8,0,1,
SUP033,Xiu Paterson,Management Science & Business Economics,supply chain;operations;logistics,systematic review;network analysis;optimisation,supply chain operations logistics systematic review network analysis optimisation UK firms panel data empirical,3,0,1,
SUP034,Liam Paterson,Management Science & Business Economics,supply chain;operations,machine learning;regression;systematic review,supply chain operations machine learning regression systematic review UK firms panel data empirical,5,0,1,
SUP035,Maya Evans,Management Science & Business Economics,digital economy;logistics,systematic review;text mining;network analysis,digital economy logistics systematic review text mining network analysis UK firms panel data empirical,8,0,1,
SUP036,Niall Xu,Management Science & Business Economics,supply chain;logistics;consumer behaviour,regression;simulation,supply chain logistics consumer behaviour regression simulation UK firms panel data empirical,2,0,1,
SUP037,Isla Urquhart,Management Science & Business Economics,digital economy;supply chain;sustainability,systematic review;network analysis;text mining,digital economy supply chain sustainability systematic review network analysis text mining UK firms panel data empirical,6,0,1,
SUP038,Maya Urquhart,Management Science & Business Economics,logistics;digital economy;healthcare management,optimisation;survey;systematic review,logistics digital economy healthcare management optimisation survey systematic review UK firms panel data empirical,4,0,1,
SUP039,Isla Jones,Management Science & Business Economics,operations;supply chain;logistics,case study;simulation,operations supply chain logistics case study simulation UK firms panel data empirical,5,0,1,BSc Accounting & Finance;BSc Business Management
SUP040,Rhona Xu,Management Science & Business Economics,digital economy;operations,optimisation;experiment,digital economy operations optimisation experiment UK firms panel data empirical,7,0,1,
SUP041,Olga Nolan,Management Science & Business Economics,operations;digital economy,case study;machine learning,operations digital economy case study machine learning UK firms panel data empirical,7,0,1,
SUP042,Pavel Quinn,Management Science & Business Economics,operations;supply chain;hrm,systematic review;experiment;survey,operations supply chain hrm systematic review experiment survey UK firms panel data empirical,2,0,1,
SUP043,Liam Urquhart,Management Science & Business Economics,operations;supply chain;retail,experiment;systematic review;econometrics,operations supply chain retail experiment systematic review econometrics UK firms panel data empirical,8,0,1,
SUP044,Eve Evans,Management Science & Business Economics,supply chain;logistics,econometrics;interview,supply chain logistics econometrics interview UK firms panel data empirical,2,0,1,
SUP045,Grace Paterson,Management Science & Business Economics,digital economy;operations,experiment;case study;network analysis,digital economy operations experiment case study network analysis UK firms panel data empirical,2,0,1,
SUP046,Umar Fraser,Strategy & Innovation,sustainability;strategy,text mining;survey,sustainability strategy text mining survey UK firms panel data empirical,6,0,1,
SUP047,Yara Douglas,Strategy & Innovation,sustainability;digital economy,survey;systematic review;optimisation,sustainability digital economy survey systematic review optimisation UK firms panel data empirical,2,0,1,
SUP048,Jian Urquhart,Strategy & Innovation,digital economy;sustainability,interview;systematic review,digital economy sustainability interview systematic review UK firms panel data empirical,6,0,1,BSc International Business;BSc Accounting & Finance
SUP049,Will Quinn,Strategy & Innovation,strategy;sustainability,econometrics;simulation;experiment,strategy sustainability econometrics simulation experiment UK firms panel data empirical,2,0,1,
SUP050,Hamid Zhang,Strategy & Innovation,strategy;digital economy;operations,experiment;case study,strategy digital economy operations experiment case study UK firms panel data empirical,5,0,1,
SUP051,Will Ross,Strategy & Innovation,strategy;digital economy,econometrics;survey;simulation,strategy digital economy econometrics survey simulation UK firms panel data empirical,3,0,1,BSc Accounting & Finance;MA Economics & Business
SUP052,Xiu Watson,Strategy & Innovation,strategy;digital economy,systematic review;case study;econometrics,strategy digital economy systematic review case study econometrics UK firms panel data empirical,2,0,1,
SUP053,Xiu Anderson,Strategy & Innovation,strategy;digital economy,network analysis;optimisation,strategy digital economy network analysis optimisation UK firms panel data empirical,2,0,0,
SUP054,Rhona Urquhart,Strategy & Innovation,strategy;digital economy,optimisation;network analysis;machine learning,strategy digital economy optimisation network analysis machine learning UK firms panel data empirical,8,0,1,
SUP055,Chen Douglas,Strategy & Innovation,sustainability;digital economy,survey;regression,sustainability digital economy survey regression UK firms panel data empirical,6,0,1,
SUP056,Ben Fraser,Strategy & Innovation,sustainability;digital economy,econometrics;experiment,sustainability digital economy econometrics experiment UK firms panel data empirical,2,0,1,
SUP057,Fraser Watson,Strategy & Innovation,strategy;sustainability,network analysis;case study;regression,strategy sustainability network analysis case study regression UK firms panel data empirical,5,0,1,MA Economics & Business;BSc Business Management
SUP058,Qi Watson,Strategy & Innovation,digital economy;sustainability;finance,network analysis;survey;interview,digital economy sustainability finance network analysis survey interview UK firms panel data empirical,6,0,1,
SUP059,Qi Lewis,Strategy & Innovation,strategy;digital economy,text mining;survey,strategy digital economy text mining survey UK firms panel data empirical,8,0,1,
SUP060,Yara Hughes,Strategy & Innovation,strategy;sustainability;banking,systematic review;econometrics,strategy sustainability banking systematic review econometrics UK firms panel data empirical,2,0,1,
SUP061,Yara Paterson,Strategy & Innovation,strategy;digital economy,econometrics;simulation;systematic review,strategy digital economy econometrics simulation systematic review UK firms panel data empirical,6,0,0,
SUP062,Olga Paterson,Strategy & Innovation,digital economy;strategy;logistics,interview;econometrics,digital economy strategy logistics interview econometrics UK firms panel data empirical,6,0,1,
SUP063,Liam Nolan,Strategy & Innovation,sustainability;digital economy,interview;optimisation,sustainability digital economy interview optimisation UK firms panel data empirical,6,0,1,
SUP064,Niall Grant,Strategy & Innovation,sustainability;digital economy,econometrics;systematic review;network analysis,sustainability digital economy econometrics systematic review network analysis UK firms panel data empirical,7,0,1,
SUP065,Vera Brown,Strategy & Innovation,digital economy;sustainability;accounting,regression;network analysis,digital economy sustainability accounting regression network analysis UK firms panel data empirical,2,0,1,BSc Business Management;BSc Accounting & Finance
SUP066,Will Kerr,Strategy & Innovation,sustainability;strategy;supply chain,experiment;regression;survey,sustainability strategy supply chain experiment regression survey UK firms panel data empirical,4,0,1,
SUP067,Liam Irvine,Strategy & Innovation,strategy;sustainability;operations,experiment;systematic review;regression,strategy sustainability operations experiment systematic review regression UK firms panel data empirical,7,0,1,
SUP068,Tara Nolan,Strategy & Innovation,digital economy;sustainability,text mining;regression,digital economy sustainability text mining regression UK firms panel data empirical,5,0,1,
SUP069,Qi Douglas,Strategy & Innovation,strategy;sustainability,survey;machine learning;network analysis,strategy sustainability survey machine learning network analysis UK firms panel data empirical,5,0,1,
SUP070,Xiu Douglas,Strategy & Innovation,digital economy;strategy,survey;simulation,digital economy strategy survey simulation UK firms panel data empirical,4,0,1,BSc Accounting & Finance;MA Economics & Business
SUP071,Sam MacLeod,Organisation Studies,healthcare management;hrm;marketing analytics,survey;systematic review,healthcare management hrm marketing analytics survey systematic review UK firms panel data empirical,2,0,1,
SUP072,Pavel Brown,Organisation Studies,hrm;strategy,interview;simulation;text mining,hrm strategy interview simulation text mining UK firms panel data empirical,7,0,1,
SUP073,Rhona Watson,Organisation Studies,strategy;hrm,survey;interview,strategy hrm survey interview UK firms panel data empirical,4,0,1,
SUP074,Will Nolan,Organisation Studies,healthcare management;hrm,interview;optimisation,healthcare management hrm interview optimisation UK firms panel data empirical,5,0,1,
SUP075,Isla Evans,Organisation Studies,hrm;strategy,regression;econometrics,hrm strategy regression econometrics UK firms panel data empirical,3,0,1,
SUP076,Sam Nolan,Organisation Studies,strategy;hrm;logistics,regression;simulation;survey,strategy hrm logistics regression simulation survey UK firms panel data empirical,6,0,1,MA Economics & Business;BSc Accounting & Finance
SUP077,Sam Hughes,Organisation Studies,healthcare management;strategy,case study;network analysis,healthcare management strategy case study network analysis UK firms panel data empirical,8,0,1,
SUP078,Olga Young,Organisation Studies,strategy;hrm,text mining;survey,strategy hrm text mining survey UK firms panel data empirical,6,0,1,BSc International Business;BSc Accounting & Finance
SUP079,Jian Anderson,Organisation Studies,strategy;hrm,network analysis;text mining,strategy hrm network analysis text mining UK firms panel data empirical,2,0,0,
SUP080,Zoe Grant,Organisation Studies,healthcare management;strategy,survey;experiment,healthcare management strategy survey experiment UK firms panel data empirical,4,0,1,
SUP081,Alice Brown,Organisation Studies,hrm;healthcare management,network analysis;machine learning;survey,hrm healthcare management network analysis machine learning survey UK firms panel data empirical,4,0,0,BSc International Business;BSc Accounting & Finance
SUP082,Tara Kerr,Organisation Studies,hrm;strategy,interview;text mining;regression,hrm strategy interview text mining regression UK firms panel data empirical,7,0,0,
SUP083,Rhona Nolan,Organisation Studies,hrm;healthcare management,systematic review;simulation;regression,hrm healthcare management systematic review simulation regression UK firms panel data empirical,2,0,1,
SUP084,Umar Watson,Organisation Studies,healthcare management;strategy,interview;experiment,healthcare management strategy interview experiment UK firms panel data empirical,8,0,1,
SUP085,Isla Lewis,Organisation Studies,healthcare management;hrm,systematic review;machine learning;text mining,healthcare management hrm systematic review machine learning text mining UK firms panel data empirical,7,0,1,
SUP086,Will Stewart,Organisation Studies,healthcare management;strategy;consumer behaviour,interview;network analysis;econometrics,healthcare management strategy consumer behaviour interview network analysis econometrics UK firms panel data empirical,7,0,1,
SUP087,Jian Fraser,Entrepreneurship & Innovation,sustainability;entrepreneurship;accounting,regression;simulation,sustainability entrepreneurship accounting regression simulation UK firms panel data empirical,5,0,1,
SUP088,Tara Nolan,Entrepreneurship & Innovation,entrepreneurship;sustainability;banking,experiment;systematic review,entrepreneurship sustainability banking experiment systematic review UK firms panel data empirical,5,0,1,
SUP089,Fraser Paterson,Entrepreneurship & Innovation,sustainability;entrepreneurship;marketing analytics,experiment;optimisation;interview,sustainability entrepreneurship marketing analytics experiment optimisation interview UK firms panel data empirical,6,0,1,
SUP090,Hamid Brown,Entrepreneurship & Innovation,sustainability;digital economy;logistics,network analysis;optimisation,sustainability digital economy logistics network analysis optimisation UK firms panel data empirical,5,0,1,
SUP091,Rhona Xu,Entrepreneurship & Innovation,digital economy;sustainability;banking,text mining;interview;experiment,digital economy sustainability banking text mining interview experiment UK firms panel data empirical,3,0,1,BSc Accounting & Finance;MA Economics & Business
SUP092,Liam Douglas,Entrepreneurship & Innovation,digital economy;entrepreneurship;banking,optimisation;experiment;network analysis,digital economy entrepreneurship banking optimisation experiment network analysis UK firms panel data empirical,2,0,1,
SUP093,Umar Irvine,Entrepreneurship & Innovation,entrepreneurship;digital economy;supply chain,survey;network analysis;regression,entrepreneurship digital economy supply chain survey network analysis regression UK firms panel data empirical,2,0,1,
SUP094,Kate Fraser,Entrepreneurship & Innovation,digital economy;entrepreneurship;sustainability,machine learning;systematic review;simulation,digital economy entrepreneurship sustainability machine learning systematic review simulation UK firms panel data empirical,4,0,0,MA Economics & Business;BSc Accounting & Finance
SUP095,Alice Irvine,Entrepreneurship & Innovation,sustainability;entrepreneurship;healthcare management,optimisation;survey,sustainability entrepreneurship healthcare management optimisation survey UK firms panel data empirical,4,0,1,
SUP096,Maya Watson,Entrepreneurship & Innovation,entrepreneurship;digital economy;marketing analytics,interview;machine learning,entrepreneurship digital economy marketing analytics interview machine learning UK firms panel data empirical,6,0,1,
SUP097,Eve Douglas,Entrepreneurship & Innovation,entrepreneurship;digital economy;sustainability,survey;network analysis,entrepreneurship digital economy sustainability survey network analysis UK firms panel data empirical,6,0,1,
SUP098,Chen Stewart,Entrepreneurship & Innovation,entrepreneurship;sustainability,regression;text mining,entrepreneurship sustainability regression text mining UK firms panel data empirical,6,0,1,
SUP099,Qi Lewis,Entrepreneurship & Innovation,digital economy;entrepreneurship,simulation;regression;optimisation,digital economy entrepreneurship simulation regression optimisation UK firms panel data empirical,3,0,1,
SUP100,Pavel Xu,Entrepreneurship & Innovation,sustainability;digital economy,interview;survey,sustainability digital economy interview survey UK firms panel data empirical,8,0,1,
SUP101,Fraser Nolan,Entrepreneurship & Innovation,sustainability;digital economy,case study;econometrics,sustainability digital economy case study econometrics UK firms panel data empirical,4,0,1,
SUP102,Rhona Stewart,Entrepreneurship & Innovation,digital economy;entrepreneurship;supply chain,text mining;regression,digital economy entrepreneurship supply chain text mining regression UK firms panel data empirical,7,0,1,
SUP103,Umar Douglas,Entrepreneurship & Innovation,sustainability;digital economy,machine learning;interview,sustainability digital economy machine learning interview UK firms panel data empirical,6,0,1,
SUP104,Olga Zhang,Entrepreneurship & Innovation,digital economy;sustainability,systematic review;regression,digital economy sustainability systematic review regression UK firms panel data empirical,6,0,1,BSc Accounting & Finance;BSc Business Management
SUP105,Eve Hughes,Entrepreneurship & Innovation,digital economy;sustainability,survey;econometrics,digital economy sustainability survey econometrics UK firms panel data empirical,7,0,1,
SUP106,Eve Grant,Entrepreneurship & Innovation,sustainability;entrepreneurship,regression;machine learning;text mining,sustainability entrepreneurship regression machine learning text mining UK firms panel data empirical,7,0,1,
SUP107,Tara Ogilvie,Entrepreneurship & Innovation,digital economy;sustainability,optimisation;systematic review;text mining,digital economy sustainability optimisation systematic review text mining UK firms panel data empirical,3,0,1,
